data_split,action,n_steps,mean,std,min,max,zero_rate,p05,p25,p50,p75,p80,p90,p95,p975,p99
all,all,10000,0.11746864193639535,0.20690277455522055,0.0,1.0,0.3636,0.0,0.0,0.0061874317439518925,0.11833307466291369,0.22304875149760442,0.49142258884439055,0.6553151654689374,0.7276904806554686,0.7666935903192545
all,walk,5650,0.10374242250479751,0.2084836449898317,0.0,1.0,0.49734513274336284,0.0,0.0,3.991891447710899e-05,0.05764864041817322,0.11948459397470916,0.4798797189734265,0.6657951853539859,0.7224027262640317,0.7532976358496637
all,turn,4350,0.13529694993375807,0.20347713437951925,0.0,0.9524166539432861,0.18988505747126436,0.0,0.00011975674343132694,0.03484427659922869,0.19600587097427796,0.2570725143195315,0.496233907631042,0.6428587277000413,0.7276904806554686,0.7730748411175178
calibration,all,7000,0.1242100594641106,0.21369616521345491,0.0,1.0,0.358,0.0,0.0,0.011520966892081732,0.14165870832124147,0.23248507701573665,0.514464522628554,0.6841280285394087,0.7339455961349957,0.7692825442421924
calibration,walk,3962,0.10983447670560188,0.21445690640065398,0.0,1.0,0.48914689550731955,0.0,0.0,3.991891447710899e-05,0.06916960731025495,0.1845289079571408,0.5231999769886408,0.6841280285394087,0.7284188925946316,0.763003696249759
calibration,turn,3038,0.1429579392828109,0.21127015202497446,0.0,0.9524166539432861,0.1869651086240948,0.0,0.00015967565790843595,0.03953474905028899,0.21399556854410995,0.2662958208771681,0.511702209299975,0.6826363321048071,0.7392114475475503,0.795928618240152
validation,all,3000,0.10173866770505981,0.18921192633655576,0.0,0.9787729727078228,0.37666666666666665,0.0,0.0,0.0020757835528096673,0.0922334440733007,0.16285512072705915,0.39918914477108985,0.6182189335939364,0.703082578785283,0.751460826378795
validation,walk,1688,0.08944341850978159,0.1930485197118367,0.0,0.9787729727078228,0.5165876777251185,0.0,0.0,0.0,0.046105770547209206,0.08069057420233669,0.39918914477108985,0.6184720136517685,0.7053550558315858,0.751460826378795
validation,turn,1312,0.11755755538922871,0.18301964235455703,0.0,0.8675849009878588,0.19664634146341464,0.0,0.00011975674343132694,0.03458480365512748,0.16142106731915049,0.22488190168519076,0.3556187262094124,0.5848256048787501,0.6858604970974641,0.7488394905302853
