data_split,action,bin_left,bin_right,bin_mid,count,fraction
all,all,0.0,0.02,0.01,5454,0.5454
all,all,0.02,0.04,0.03,735,0.0735
all,all,0.04,0.06,0.05,567,0.0567
all,all,0.06,0.08,0.07,291,0.0291
all,all,0.08,0.1,0.09,300,0.03
all,all,0.1,0.12,0.11,166,0.0166
all,all,0.12,0.14,0.13,92,0.0092
all,all,0.14,0.16,0.15000000000000002,83,0.0083
all,all,0.16,0.18,0.16999999999999998,101,0.0101
all,all,0.18,0.2,0.19,95,0.0095
all,all,0.2,0.22,0.21000000000000002,101,0.0101
all,all,0.22,0.24,0.22999999999999998,164,0.0164
all,all,0.24,0.26,0.25,133,0.0133
all,all,0.26,0.28,0.27,185,0.0185
all,all,0.28,0.3,0.29000000000000004,117,0.0117
all,all,0.3,0.32,0.31,53,0.0053
all,all,0.32,0.34,0.33,25,0.0025
all,all,0.34,0.36,0.35,38,0.0038
all,all,0.36,0.38,0.37,25,0.0025
all,all,0.38,0.4,0.39,124,0.0124
all,all,0.4,0.42,0.41000000000000003,19,0.0019
all,all,0.42,0.44,0.43,23,0.0023
all,all,0.44,0.46,0.45,28,0.0028
all,all,0.46,0.48,0.47,49,0.0049
all,all,0.48,0.5,0.49,63,0.0063
all,all,0.5,0.52,0.51,75,0.0075
all,all,0.52,0.54,0.53,73,0.0073
all,all,0.54,0.56,0.55,47,0.0047
all,all,0.56,0.58,0.5700000000000001,41,0.0041
all,all,0.58,0.6,0.59,36,0.0036
all,all,0.6,0.62,0.61,76,0.0076
all,all,0.62,0.64,0.63,74,0.0074
all,all,0.64,0.66,0.65,48,0.0048
all,all,0.66,0.68,0.67,40,0.004
all,all,0.68,0.7000000000000001,0.6900000000000001,81,0.0081
all,all,0.7000000000000001,0.72,0.71,118,0.0118
all,all,0.72,0.74,0.73,95,0.0095
all,all,0.74,0.76,0.75,49,0.0049
all,all,0.76,0.78,0.77,39,0.0039
all,all,0.78,0.8,0.79,23,0.0023
all,all,0.8,0.8200000000000001,0.81,18,0.0018
all,all,0.8200000000000001,0.84,0.8300000000000001,15,0.0015
all,all,0.84,0.86,0.85,6,0.0006
all,all,0.86,0.88,0.87,2,0.0002
all,all,0.88,0.9,0.89,2,0.0002
all,all,0.9,0.92,0.91,5,0.0005
all,all,0.92,0.9400000000000001,0.93,1,0.0001
all,all,0.9400000000000001,0.96,0.95,3,0.0003
all,all,0.96,0.98,0.97,1,0.0001
all,all,0.98,1.0,0.99,1,0.0001
all,walk,0.0,0.02,0.01,3558,0.6297345132743363
all,walk,0.02,0.04,0.03,418,0.07398230088495575
all,walk,0.04,0.06,0.05,291,0.05150442477876106
all,walk,0.06,0.08,0.07,119,0.021061946902654866
all,walk,0.08,0.1,0.09,107,0.018938053097345132
all,walk,0.1,0.12,0.11,29,0.005132743362831859
all,walk,0.12,0.14,0.13,22,0.0038938053097345134
all,walk,0.14,0.16,0.15000000000000002,17,0.003008849557522124
all,walk,0.16,0.18,0.16999999999999998,24,0.004247787610619469
all,walk,0.18,0.2,0.19,19,0.0033628318584070795
all,walk,0.2,0.22,0.21000000000000002,44,0.007787610619469027
all,walk,0.22,0.24,0.22999999999999998,74,0.013097345132743363
all,walk,0.24,0.26,0.25,75,0.01327433628318584
all,walk,0.26,0.28,0.27,80,0.01415929203539823
all,walk,0.28,0.3,0.29000000000000004,21,0.0037168141592920354
all,walk,0.3,0.32,0.31,6,0.0010619469026548673
all,walk,0.32,0.34,0.33,2,0.00035398230088495576
all,walk,0.34,0.36,0.35,3,0.0005309734513274337
all,walk,0.36,0.38,0.37,2,0.00035398230088495576
all,walk,0.38,0.4,0.39,110,0.019469026548672566
all,walk,0.4,0.42,0.41000000000000003,5,0.0008849557522123894
all,walk,0.42,0.44,0.43,10,0.0017699115044247787
all,walk,0.44,0.46,0.45,22,0.0038938053097345134
all,walk,0.46,0.48,0.47,28,0.00495575221238938
all,walk,0.48,0.5,0.49,18,0.003185840707964602
all,walk,0.5,0.52,0.51,24,0.004247787610619469
all,walk,0.52,0.54,0.53,26,0.004601769911504424
all,walk,0.54,0.56,0.55,14,0.00247787610619469
all,walk,0.56,0.58,0.5700000000000001,18,0.003185840707964602
all,walk,0.58,0.6,0.59,24,0.004247787610619469
all,walk,0.6,0.62,0.61,58,0.010265486725663717
all,walk,0.62,0.64,0.63,56,0.00991150442477876
all,walk,0.64,0.66,0.65,34,0.006017699115044248
all,walk,0.66,0.68,0.67,20,0.0035398230088495575
all,walk,0.68,0.7000000000000001,0.6900000000000001,58,0.010265486725663717
all,walk,0.7000000000000001,0.72,0.71,67,0.011858407079646017
all,walk,0.72,0.74,0.73,51,0.009026548672566371
all,walk,0.74,0.76,0.75,44,0.007787610619469027
all,walk,0.76,0.78,0.77,17,0.003008849557522124
all,walk,0.78,0.8,0.79,16,0.002831858407079646
all,walk,0.8,0.8200000000000001,0.81,6,0.0010619469026548673
all,walk,0.8200000000000001,0.84,0.8300000000000001,2,0.00035398230088495576
all,walk,0.84,0.86,0.85,4,0.0007079646017699115
all,walk,0.86,0.88,0.87,0,0.0
all,walk,0.88,0.9,0.89,2,0.00035398230088495576
all,walk,0.9,0.92,0.91,0,0.0
all,walk,0.92,0.9400000000000001,0.93,1,0.00017699115044247788
all,walk,0.9400000000000001,0.96,0.95,2,0.00035398230088495576
all,walk,0.96,0.98,0.97,1,0.00017699115044247788
all,walk,0.98,1.0,0.99,1,0.00017699115044247788
all,turn,0.0,0.02,0.01,1896,0.43586206896551727
all,turn,0.02,0.04,0.03,317,0.07287356321839081
all,turn,0.04,0.06,0.05,276,0.06344827586206897
all,turn,0.06,0.08,0.07,172,0.03954022988505747
all,turn,0.08,0.1,0.09,193,0.044367816091954025
all,turn,0.1,0.12,0.11,137,0.031494252873563215
all,turn,0.12,0.14,0.13,70,0.016091954022988506
all,turn,0.14,0.16,0.15000000000000002,66,0.015172413793103448
all,turn,0.16,0.18,0.16999999999999998,77,0.017701149425287357
all,turn,0.18,0.2,0.19,76,0.01747126436781609
all,turn,0.2,0.22,0.21000000000000002,57,0.01310344827586207
all,turn,0.22,0.24,0.22999999999999998,90,0.020689655172413793
all,turn,0.24,0.26,0.25,58,0.013333333333333334
all,turn,0.26,0.28,0.27,105,0.02413793103448276
all,turn,0.28,0.3,0.29000000000000004,96,0.022068965517241378
all,turn,0.3,0.32,0.31,47,0.010804597701149426
all,turn,0.32,0.34,0.33,23,0.0052873563218390806
all,turn,0.34,0.36,0.35,35,0.008045977011494253
all,turn,0.36,0.38,0.37,23,0.0052873563218390806
all,turn,0.38,0.4,0.39,14,0.003218390804597701
all,turn,0.4,0.42,0.41000000000000003,14,0.003218390804597701
all,turn,0.42,0.44,0.43,13,0.002988505747126437
all,turn,0.44,0.46,0.45,6,0.001379310344827586
all,turn,0.46,0.48,0.47,21,0.004827586206896552
all,turn,0.48,0.5,0.49,45,0.010344827586206896
all,turn,0.5,0.52,0.51,51,0.011724137931034483
all,turn,0.52,0.54,0.53,47,0.010804597701149426
all,turn,0.54,0.56,0.55,33,0.007586206896551724
all,turn,0.56,0.58,0.5700000000000001,23,0.0052873563218390806
all,turn,0.58,0.6,0.59,12,0.002758620689655172
all,turn,0.6,0.62,0.61,18,0.004137931034482759
all,turn,0.62,0.64,0.63,18,0.004137931034482759
all,turn,0.64,0.66,0.65,14,0.003218390804597701
all,turn,0.66,0.68,0.67,20,0.004597701149425287
all,turn,0.68,0.7000000000000001,0.6900000000000001,23,0.0052873563218390806
all,turn,0.7000000000000001,0.72,0.71,51,0.011724137931034483
all,turn,0.72,0.74,0.73,44,0.010114942528735632
all,turn,0.74,0.76,0.75,5,0.0011494252873563218
all,turn,0.76,0.78,0.77,22,0.005057471264367816
all,turn,0.78,0.8,0.79,7,0.0016091954022988506
all,turn,0.8,0.8200000000000001,0.81,12,0.002758620689655172
all,turn,0.8200000000000001,0.84,0.8300000000000001,13,0.002988505747126437
all,turn,0.84,0.86,0.85,2,0.0004597701149425287
all,turn,0.86,0.88,0.87,2,0.0004597701149425287
all,turn,0.88,0.9,0.89,0,0.0
all,turn,0.9,0.92,0.91,5,0.0011494252873563218
all,turn,0.92,0.9400000000000001,0.93,0,0.0
all,turn,0.9400000000000001,0.96,0.95,1,0.00022988505747126436
all,turn,0.96,0.98,0.97,0,0.0
all,turn,0.98,1.0,0.99,0,0.0
calibration,all,0.0,0.02,0.01,3753,0.5361428571428571
calibration,all,0.02,0.04,0.03,517,0.07385714285714286
calibration,all,0.04,0.06,0.05,403,0.05757142857142857
calibration,all,0.06,0.08,0.07,200,0.02857142857142857
calibration,all,0.08,0.1,0.09,193,0.027571428571428573
calibration,all,0.1,0.12,0.11,107,0.015285714285714286
calibration,all,0.12,0.14,0.13,67,0.009571428571428571
calibration,all,0.14,0.16,0.15000000000000002,60,0.008571428571428572
calibration,all,0.16,0.18,0.16999999999999998,62,0.008857142857142857
calibration,all,0.18,0.2,0.19,68,0.009714285714285713
calibration,all,0.2,0.22,0.21000000000000002,79,0.011285714285714286
calibration,all,0.22,0.24,0.22999999999999998,120,0.017142857142857144
calibration,all,0.24,0.26,0.25,88,0.012571428571428572
calibration,all,0.26,0.28,0.27,139,0.019857142857142858
calibration,all,0.28,0.3,0.29000000000000004,85,0.012142857142857143
calibration,all,0.3,0.32,0.31,37,0.005285714285714286
calibration,all,0.32,0.34,0.33,17,0.0024285714285714284
calibration,all,0.34,0.36,0.35,25,0.0035714285714285713
calibration,all,0.36,0.38,0.37,18,0.0025714285714285713
calibration,all,0.38,0.4,0.39,86,0.012285714285714285
calibration,all,0.4,0.42,0.41000000000000003,12,0.0017142857142857142
calibration,all,0.42,0.44,0.43,18,0.0025714285714285713
calibration,all,0.44,0.46,0.45,18,0.0025714285714285713
calibration,all,0.46,0.48,0.47,35,0.005
calibration,all,0.48,0.5,0.49,49,0.007
calibration,all,0.5,0.52,0.51,59,0.00842857142857143
calibration,all,0.52,0.54,0.53,60,0.008571428571428572
calibration,all,0.54,0.56,0.55,39,0.005571428571428572
calibration,all,0.56,0.58,0.5700000000000001,31,0.004428571428571428
calibration,all,0.58,0.6,0.59,22,0.003142857142857143
calibration,all,0.6,0.62,0.61,48,0.006857142857142857
calibration,all,0.62,0.64,0.63,59,0.00842857142857143
calibration,all,0.64,0.66,0.65,39,0.005571428571428572
calibration,all,0.66,0.68,0.67,29,0.004142857142857143
calibration,all,0.68,0.7000000000000001,0.6900000000000001,58,0.008285714285714285
calibration,all,0.7000000000000001,0.72,0.71,89,0.012714285714285714
calibration,all,0.72,0.74,0.73,79,0.011285714285714286
calibration,all,0.74,0.76,0.75,40,0.005714285714285714
calibration,all,0.76,0.78,0.77,34,0.004857142857142857
calibration,all,0.78,0.8,0.79,18,0.0025714285714285713
calibration,all,0.8,0.8200000000000001,0.81,16,0.002285714285714286
calibration,all,0.8200000000000001,0.84,0.8300000000000001,10,0.0014285714285714286
calibration,all,0.84,0.86,0.85,3,0.00042857142857142855
calibration,all,0.86,0.88,0.87,1,0.00014285714285714287
calibration,all,0.88,0.9,0.89,1,0.00014285714285714287
calibration,all,0.9,0.92,0.91,5,0.0007142857142857143
calibration,all,0.92,0.9400000000000001,0.93,1,0.00014285714285714287
calibration,all,0.9400000000000001,0.96,0.95,2,0.00028571428571428574
calibration,all,0.96,0.98,0.97,0,0.0
calibration,all,0.98,1.0,0.99,1,0.00014285714285714287
calibration,walk,0.0,0.02,0.01,2460,0.6208985360928824
calibration,walk,0.02,0.04,0.03,288,0.07269056032306916
calibration,walk,0.04,0.06,0.05,210,0.053003533568904596
calibration,walk,0.06,0.08,0.07,85,0.021453811206461382
calibration,walk,0.08,0.1,0.09,65,0.01640585562847047
calibration,walk,0.1,0.12,0.11,16,0.004038364462392731
calibration,walk,0.12,0.14,0.13,18,0.004543160020191822
calibration,walk,0.14,0.16,0.15000000000000002,11,0.0027763755678950025
calibration,walk,0.16,0.18,0.16999999999999998,14,0.0035335689045936395
calibration,walk,0.18,0.2,0.19,15,0.003785966683493185
calibration,walk,0.2,0.22,0.21000000000000002,35,0.0088339222614841
calibration,walk,0.22,0.24,0.22999999999999998,53,0.01337708228167592
calibration,walk,0.24,0.26,0.25,53,0.01337708228167592
calibration,walk,0.26,0.28,0.27,60,0.01514386673397274
calibration,walk,0.28,0.3,0.29000000000000004,18,0.004543160020191822
calibration,walk,0.3,0.32,0.31,6,0.001514386673397274
calibration,walk,0.32,0.34,0.33,2,0.0005047955577990914
calibration,walk,0.34,0.36,0.35,3,0.000757193336698637
calibration,walk,0.36,0.38,0.37,2,0.0005047955577990914
calibration,walk,0.38,0.4,0.39,76,0.019182231196365473
calibration,walk,0.4,0.42,0.41000000000000003,3,0.000757193336698637
calibration,walk,0.42,0.44,0.43,7,0.0017667844522968198
calibration,walk,0.44,0.46,0.45,14,0.0035335689045936395
calibration,walk,0.46,0.48,0.47,22,0.005552751135790005
calibration,walk,0.48,0.5,0.49,14,0.0035335689045936395
calibration,walk,0.5,0.52,0.51,15,0.003785966683493185
calibration,walk,0.52,0.54,0.53,19,0.004795557799091368
calibration,walk,0.54,0.56,0.55,12,0.003028773346794548
calibration,walk,0.56,0.58,0.5700000000000001,13,0.003281171125694094
calibration,walk,0.58,0.6,0.59,16,0.004038364462392731
calibration,walk,0.6,0.62,0.61,39,0.009843513377082282
calibration,walk,0.62,0.64,0.63,48,0.012115093387178193
calibration,walk,0.64,0.66,0.65,29,0.007319535588086825
calibration,walk,0.66,0.68,0.67,16,0.004038364462392731
calibration,walk,0.68,0.7000000000000001,0.6900000000000001,40,0.010095911155981827
calibration,walk,0.7000000000000001,0.72,0.71,48,0.012115093387178193
calibration,walk,0.72,0.74,0.73,40,0.010095911155981827
calibration,walk,0.74,0.76,0.75,36,0.009086320040383645
calibration,walk,0.76,0.78,0.77,17,0.004290762241292277
calibration,walk,0.78,0.8,0.79,13,0.003281171125694094
calibration,walk,0.8,0.8200000000000001,0.81,5,0.0012619888944977284
calibration,walk,0.8200000000000001,0.84,0.8300000000000001,1,0.0002523977788995457
calibration,walk,0.84,0.86,0.85,1,0.0002523977788995457
calibration,walk,0.86,0.88,0.87,0,0.0
calibration,walk,0.88,0.9,0.89,1,0.0002523977788995457
calibration,walk,0.9,0.92,0.91,0,0.0
calibration,walk,0.92,0.9400000000000001,0.93,1,0.0002523977788995457
calibration,walk,0.9400000000000001,0.96,0.95,1,0.0002523977788995457
calibration,walk,0.96,0.98,0.97,0,0.0
calibration,walk,0.98,1.0,0.99,1,0.0002523977788995457
calibration,turn,0.0,0.02,0.01,1293,0.42560895325872283
calibration,turn,0.02,0.04,0.03,229,0.07537853851217907
calibration,turn,0.04,0.06,0.05,193,0.06352863726135616
calibration,turn,0.06,0.08,0.07,115,0.03785385121790652
calibration,turn,0.08,0.1,0.09,128,0.04213298222514812
calibration,turn,0.1,0.12,0.11,91,0.029953917050691243
calibration,turn,0.12,0.14,0.13,49,0.016129032258064516
calibration,turn,0.14,0.16,0.15000000000000002,49,0.016129032258064516
calibration,turn,0.16,0.18,0.16999999999999998,48,0.015799868334430547
calibration,turn,0.18,0.2,0.19,53,0.017445687952600396
calibration,turn,0.2,0.22,0.21000000000000002,44,0.014483212639894667
calibration,turn,0.22,0.24,0.22999999999999998,67,0.022053982883475973
calibration,turn,0.24,0.26,0.25,35,0.01152073732718894
calibration,turn,0.26,0.28,0.27,79,0.026003949967083606
calibration,turn,0.28,0.3,0.29000000000000004,67,0.022053982883475973
calibration,turn,0.3,0.32,0.31,31,0.01020408163265306
calibration,turn,0.32,0.34,0.33,15,0.004937458854509546
calibration,turn,0.34,0.36,0.35,22,0.007241606319947334
calibration,turn,0.36,0.38,0.37,16,0.005266622778143515
calibration,turn,0.38,0.4,0.39,10,0.0032916392363396972
calibration,turn,0.4,0.42,0.41000000000000003,9,0.0029624753127057276
calibration,turn,0.42,0.44,0.43,11,0.003620803159973667
calibration,turn,0.44,0.46,0.45,4,0.0013166556945358788
calibration,turn,0.46,0.48,0.47,13,0.004279131007241606
calibration,turn,0.48,0.5,0.49,35,0.01152073732718894
calibration,turn,0.5,0.52,0.51,44,0.014483212639894667
calibration,turn,0.52,0.54,0.53,41,0.013495720868992759
calibration,turn,0.54,0.56,0.55,27,0.008887425938117182
calibration,turn,0.56,0.58,0.5700000000000001,18,0.005924950625411455
calibration,turn,0.58,0.6,0.59,6,0.0019749835418038184
calibration,turn,0.6,0.62,0.61,9,0.0029624753127057276
calibration,turn,0.62,0.64,0.63,11,0.003620803159973667
calibration,turn,0.64,0.66,0.65,10,0.0032916392363396972
calibration,turn,0.66,0.68,0.67,13,0.004279131007241606
calibration,turn,0.68,0.7000000000000001,0.6900000000000001,18,0.005924950625411455
calibration,turn,0.7000000000000001,0.72,0.71,41,0.013495720868992759
calibration,turn,0.72,0.74,0.73,39,0.012837393021724819
calibration,turn,0.74,0.76,0.75,4,0.0013166556945358788
calibration,turn,0.76,0.78,0.77,17,0.005595786701777485
calibration,turn,0.78,0.8,0.79,5,0.0016458196181698486
calibration,turn,0.8,0.8200000000000001,0.81,11,0.003620803159973667
calibration,turn,0.8200000000000001,0.84,0.8300000000000001,9,0.0029624753127057276
calibration,turn,0.84,0.86,0.85,2,0.0006583278472679394
calibration,turn,0.86,0.88,0.87,1,0.0003291639236339697
calibration,turn,0.88,0.9,0.89,0,0.0
calibration,turn,0.9,0.92,0.91,5,0.0016458196181698486
calibration,turn,0.92,0.9400000000000001,0.93,0,0.0
calibration,turn,0.9400000000000001,0.96,0.95,1,0.0003291639236339697
calibration,turn,0.96,0.98,0.97,0,0.0
calibration,turn,0.98,1.0,0.99,0,0.0
validation,all,0.0,0.02,0.01,1701,0.567
validation,all,0.02,0.04,0.03,218,0.07266666666666667
validation,all,0.04,0.06,0.05,164,0.05466666666666667
validation,all,0.06,0.08,0.07,91,0.030333333333333334
validation,all,0.08,0.1,0.09,107,0.035666666666666666
validation,all,0.1,0.12,0.11,59,0.019666666666666666
validation,all,0.12,0.14,0.13,25,0.008333333333333333
validation,all,0.14,0.16,0.15000000000000002,23,0.007666666666666666
validation,all,0.16,0.18,0.16999999999999998,39,0.013
validation,all,0.18,0.2,0.19,27,0.009
validation,all,0.2,0.22,0.21000000000000002,22,0.007333333333333333
validation,all,0.22,0.24,0.22999999999999998,44,0.014666666666666666
validation,all,0.24,0.26,0.25,45,0.015
validation,all,0.26,0.28,0.27,46,0.015333333333333332
validation,all,0.28,0.3,0.29000000000000004,32,0.010666666666666666
validation,all,0.3,0.32,0.31,16,0.005333333333333333
validation,all,0.32,0.34,0.33,8,0.0026666666666666666
validation,all,0.34,0.36,0.35,13,0.004333333333333333
validation,all,0.36,0.38,0.37,7,0.0023333333333333335
validation,all,0.38,0.4,0.39,38,0.012666666666666666
validation,all,0.4,0.42,0.41000000000000003,7,0.0023333333333333335
validation,all,0.42,0.44,0.43,5,0.0016666666666666668
validation,all,0.44,0.46,0.45,10,0.0033333333333333335
validation,all,0.46,0.48,0.47,14,0.004666666666666667
validation,all,0.48,0.5,0.49,14,0.004666666666666667
validation,all,0.5,0.52,0.51,16,0.005333333333333333
validation,all,0.52,0.54,0.53,13,0.004333333333333333
validation,all,0.54,0.56,0.55,8,0.0026666666666666666
validation,all,0.56,0.58,0.5700000000000001,10,0.0033333333333333335
validation,all,0.58,0.6,0.59,14,0.004666666666666667
validation,all,0.6,0.62,0.61,28,0.009333333333333334
validation,all,0.62,0.64,0.63,15,0.005
validation,all,0.64,0.66,0.65,9,0.003
validation,all,0.66,0.68,0.67,11,0.0036666666666666666
validation,all,0.68,0.7000000000000001,0.6900000000000001,23,0.007666666666666666
validation,all,0.7000000000000001,0.72,0.71,29,0.009666666666666667
validation,all,0.72,0.74,0.73,16,0.005333333333333333
validation,all,0.74,0.76,0.75,9,0.003
validation,all,0.76,0.78,0.77,5,0.0016666666666666668
validation,all,0.78,0.8,0.79,5,0.0016666666666666668
validation,all,0.8,0.8200000000000001,0.81,2,0.0006666666666666666
validation,all,0.8200000000000001,0.84,0.8300000000000001,5,0.0016666666666666668
validation,all,0.84,0.86,0.85,3,0.001
validation,all,0.86,0.88,0.87,1,0.0003333333333333333
validation,all,0.88,0.9,0.89,1,0.0003333333333333333
validation,all,0.9,0.92,0.91,0,0.0
validation,all,0.92,0.9400000000000001,0.93,0,0.0
validation,all,0.9400000000000001,0.96,0.95,1,0.0003333333333333333
validation,all,0.96,0.98,0.97,1,0.0003333333333333333
validation,all,0.98,1.0,0.99,0,0.0
validation,walk,0.0,0.02,0.01,1098,0.6504739336492891
validation,walk,0.02,0.04,0.03,130,0.07701421800947868
validation,walk,0.04,0.06,0.05,81,0.04798578199052133
validation,walk,0.06,0.08,0.07,34,0.02014218009478673
validation,walk,0.08,0.1,0.09,42,0.024881516587677725
validation,walk,0.1,0.12,0.11,13,0.007701421800947867
validation,walk,0.12,0.14,0.13,4,0.002369668246445498
validation,walk,0.14,0.16,0.15000000000000002,6,0.0035545023696682463
validation,walk,0.16,0.18,0.16999999999999998,10,0.005924170616113744
validation,walk,0.18,0.2,0.19,4,0.002369668246445498
validation,walk,0.2,0.22,0.21000000000000002,9,0.00533175355450237
validation,walk,0.22,0.24,0.22999999999999998,21,0.012440758293838863
validation,walk,0.24,0.26,0.25,22,0.013033175355450236
validation,walk,0.26,0.28,0.27,20,0.011848341232227487
validation,walk,0.28,0.3,0.29000000000000004,3,0.0017772511848341231
validation,walk,0.3,0.32,0.31,0,0.0
validation,walk,0.32,0.34,0.33,0,0.0
validation,walk,0.34,0.36,0.35,0,0.0
validation,walk,0.36,0.38,0.37,0,0.0
validation,walk,0.38,0.4,0.39,34,0.02014218009478673
validation,walk,0.4,0.42,0.41000000000000003,2,0.001184834123222749
validation,walk,0.42,0.44,0.43,3,0.0017772511848341231
validation,walk,0.44,0.46,0.45,8,0.004739336492890996
validation,walk,0.46,0.48,0.47,6,0.0035545023696682463
validation,walk,0.48,0.5,0.49,4,0.002369668246445498
validation,walk,0.5,0.52,0.51,9,0.00533175355450237
validation,walk,0.52,0.54,0.53,7,0.004146919431279621
validation,walk,0.54,0.56,0.55,2,0.001184834123222749
validation,walk,0.56,0.58,0.5700000000000001,5,0.002962085308056872
validation,walk,0.58,0.6,0.59,8,0.004739336492890996
validation,walk,0.6,0.62,0.61,19,0.011255924170616114
validation,walk,0.62,0.64,0.63,8,0.004739336492890996
validation,walk,0.64,0.66,0.65,5,0.002962085308056872
validation,walk,0.66,0.68,0.67,4,0.002369668246445498
validation,walk,0.68,0.7000000000000001,0.6900000000000001,18,0.01066350710900474
validation,walk,0.7000000000000001,0.72,0.71,19,0.011255924170616114
validation,walk,0.72,0.74,0.73,11,0.006516587677725118
validation,walk,0.74,0.76,0.75,8,0.004739336492890996
validation,walk,0.76,0.78,0.77,0,0.0
validation,walk,0.78,0.8,0.79,3,0.0017772511848341231
validation,walk,0.8,0.8200000000000001,0.81,1,0.0005924170616113745
validation,walk,0.8200000000000001,0.84,0.8300000000000001,1,0.0005924170616113745
validation,walk,0.84,0.86,0.85,3,0.0017772511848341231
validation,walk,0.86,0.88,0.87,0,0.0
validation,walk,0.88,0.9,0.89,1,0.0005924170616113745
validation,walk,0.9,0.92,0.91,0,0.0
validation,walk,0.92,0.9400000000000001,0.93,0,0.0
validation,walk,0.9400000000000001,0.96,0.95,1,0.0005924170616113745
validation,walk,0.96,0.98,0.97,1,0.0005924170616113745
validation,walk,0.98,1.0,0.99,0,0.0
validation,turn,0.0,0.02,0.01,603,0.45960365853658536
validation,turn,0.02,0.04,0.03,88,0.06707317073170732
validation,turn,0.04,0.06,0.05,83,0.06326219512195122
validation,turn,0.06,0.08,0.07,57,0.04344512195121951
validation,turn,0.08,0.1,0.09,65,0.04954268292682927
validation,turn,0.1,0.12,0.11,46,0.0350609756097561
validation,turn,0.12,0.14,0.13,21,0.01600609756097561
validation,turn,0.14,0.16,0.15000000000000002,17,0.012957317073170731
validation,turn,0.16,0.18,0.16999999999999998,29,0.022103658536585365
validation,turn,0.18,0.2,0.19,23,0.01753048780487805
validation,turn,0.2,0.22,0.21000000000000002,13,0.009908536585365854
validation,turn,0.22,0.24,0.22999999999999998,23,0.01753048780487805
validation,turn,0.24,0.26,0.25,23,0.01753048780487805
validation,turn,0.26,0.28,0.27,26,0.019817073170731708
validation,turn,0.28,0.3,0.29000000000000004,29,0.022103658536585365
validation,turn,0.3,0.32,0.31,16,0.012195121951219513
validation,turn,0.32,0.34,0.33,8,0.006097560975609756
validation,turn,0.34,0.36,0.35,13,0.009908536585365854
validation,turn,0.36,0.38,0.37,7,0.005335365853658537
validation,turn,0.38,0.4,0.39,4,0.003048780487804878
validation,turn,0.4,0.42,0.41000000000000003,5,0.0038109756097560975
validation,turn,0.42,0.44,0.43,2,0.001524390243902439
validation,turn,0.44,0.46,0.45,2,0.001524390243902439
validation,turn,0.46,0.48,0.47,8,0.006097560975609756
validation,turn,0.48,0.5,0.49,10,0.007621951219512195
validation,turn,0.5,0.52,0.51,7,0.005335365853658537
validation,turn,0.52,0.54,0.53,6,0.004573170731707317
validation,turn,0.54,0.56,0.55,6,0.004573170731707317
validation,turn,0.56,0.58,0.5700000000000001,5,0.0038109756097560975
validation,turn,0.58,0.6,0.59,6,0.004573170731707317
validation,turn,0.6,0.62,0.61,9,0.006859756097560976
validation,turn,0.62,0.64,0.63,7,0.005335365853658537
validation,turn,0.64,0.66,0.65,4,0.003048780487804878
validation,turn,0.66,0.68,0.67,7,0.005335365853658537
validation,turn,0.68,0.7000000000000001,0.6900000000000001,5,0.0038109756097560975
validation,turn,0.7000000000000001,0.72,0.71,10,0.007621951219512195
validation,turn,0.72,0.74,0.73,5,0.0038109756097560975
validation,turn,0.74,0.76,0.75,1,0.0007621951219512195
validation,turn,0.76,0.78,0.77,5,0.0038109756097560975
validation,turn,0.78,0.8,0.79,2,0.001524390243902439
validation,turn,0.8,0.8200000000000001,0.81,1,0.0007621951219512195
validation,turn,0.8200000000000001,0.84,0.8300000000000001,4,0.003048780487804878
validation,turn,0.84,0.86,0.85,0,0.0
validation,turn,0.86,0.88,0.87,1,0.0007621951219512195
validation,turn,0.88,0.9,0.89,0,0.0
validation,turn,0.9,0.92,0.91,0,0.0
validation,turn,0.92,0.9400000000000001,0.93,0,0.0
validation,turn,0.9400000000000001,0.96,0.95,0,0.0
validation,turn,0.96,0.98,0.97,0,0.0
validation,turn,0.98,1.0,0.99,0,0.0
